benchmark,UBfactor,Nparts,seed,tritonpart_runtime (s),tritonpart_cutsize,tritonpart_balance,best_cutsize,best_partitioner
bitcoin_miner,2,2,0,114.345,1600,[ 0.502554889266711  0.497445110733289 ],1600,tritonpart
bitcoin_miner,2,2,1,115.529,1600,[ 0.502554889266711  0.497445110733289 ],1600,tritonpart
des90,2,2,0,42.89,387,[ 0.480655631580367  0.5193443684196329 ],387,tritonpart
des90,2,2,1,46.071,387,[ 0.48060168493360067  0.5193983150663993 ],387,tritonpart
neuron,2,2,0,31.83,250,[ 0.5035973561599306  0.4964026438400693 ],250,tritonpart
neuron,2,2,1,34.657,362,[ 0.4816014736157764  0.5183985263842237 ],362,tritonpart
gsm_switch,2,2,0,68.326,4960,[ 0.5183615131979078  0.4816384868020922 ],4960,tritonpart
gsm_switch,2,2,1,77.406,4957,[ 0.4818006730730244  0.5181993269269757 ],4957,tritonpart
